folder,identifier,group
dist0p00,00000_TRRORHF128E0786C6F,775
dist0p00,00001_TRBSAIC128E0793CCE,567
dist0p00,00002_TRGDXTK128F14584C1,255
dist0p00,00003_TRHPTQV128F14A2C78,149
dist0p00,00004_TRXXXSY128F4272F8E,5
dist0p00,00005_TRBCMYF128F4298D4C,734
dist0p00,00006_TRRYSAP128F42619D0,655
dist0p00,00007_TRDDBLN128F4265FBC,760
dist0p00,00008_TRTEAWF128F427D59D,58
dist0p00,00009_TRTQRGO128F42825F9,112
dist0p00,00010_TRAGIOL128F4285329,496
dist0p00,00011_TRJJWLJ128F428AD88,431
dist0p00,00012_TRYIYUF128F932573D,292
dist0p00,00013_TRNNCPB128F92D307D,117
dist0p00,00014_TRJQNOC128F9340B68,197
dist0p00,00015_TRJKWZE12903C9DF7B,222
dist0p00,00016_TRADWNF128E0792485,783
dist0p00,00017_TRAFGCY128F92E5F6C,731
dist0p00,00018_TRARFOC128F92ED401,788
dist0p00,00019_TRAYDNG128F4272151,731
dist0p00,00020_TRBDTMD128F145A5F5,649
dist0p00,00021_TRBGFIP128E0787587,523
dist0p00,00022_TRBRSTH128F4296255,208
dist0p00,00023_TRFGQNT128F146B854,653
dist0p00,00024_TRGQFAB128F4259E7C,264
dist0p00,00025_TRHQENS128E0784814,621
dist0p00,00026_TRHYPVF12903CB2D20,530
dist0p00,00027_TRITDQH128F4287D9B,768
dist0p00,00028_TRJNWXA128F1492391,686
dist0p00,00029_TRPEMDX128F9305E72,115
dist0p00,00030_TRPNYYO128F429CD57,499
dist0p00,00031_TRQSCZA128F14920C3,686
dist0p00,00032_TRRUIKN128E078218F,530
dist0p00,00033_TRSGLPX128F93428D7,417
dist0p00,00034_TRSKQWK128F148A285,478
dist0p00,00035_TRTBXAG128F1484C94,59
dist0p00,00036_TRTMYUC128F4280424,407
dist0p00,00037_TRTUSHE128F1464844,54
dist0p00,00038_TRUJBEM128F42849F8,644
dist0p00,00039_TRUVFTA128F427E2CC,450
dist0p00,00040_TRVNNMF128F4285161,17
dist0p00,00041_TRWQGLL128F42982E2,799
dist0p00,00042_TRYMQRL128F429833D,799
dist0p10,00043_TRWUPDA128E0780C8F,143
dist0p10,00044_TRWYQCC128E0783C5E,440
dist0p10,00045_TRUSLMV128E0786BAF,252
dist0p10,00046_TRUMHPV128E0787314,657
dist0p10,00047_TRCLZFC128E07928AC,220
dist0p10,00048_TRQMFPR128E07931B3,653
dist0p10,00049_TRFKMSA128F145639D,795
dist0p10,00050_TRZFWSG128F14628A0,164
dist0p10,00051_TRSDRIK128F146481B,783
dist0p10,00052_TRUHGAC128F1492AC4,810
dist0p10,00053_TRNAVDC128F429834B,799
dist0p10,00054_TRNDATD128F4298D54,734
dist0p10,00055_TRRSHTJ128F4286CE0,807
dist0p10,00056_TRBEKYS128F4242DD3,722
dist0p10,00057_TRGOTPL128F4281C94,700
dist0p10,00058_TRILDZF128F4281CBB,700
dist0p10,00059_TRKXPUB128F425A189,473
dist0p10,00060_TROWSYG128F425EC92,416
dist0p10,00061_TRLPFJZ128F4271897,139
dist0p10,00062_TRXVIOG128F427D5A0,58
dist0p10,00063_TRARRAQ128F427EEF8,372
dist0p10,00064_TRUKKNT128F428A3CA,140
dist0p10,00065_TRXORUN128F428A3CD,140
dist0p10,00066_TRJUFFO128F428D130,115
dist0p10,00067_TRTIRFG128F428D2F8,124
dist0p10,00068_TRNKIGB128F42A120D,555
dist0p10,00069_TRFMLJH128F42A8BF9,319
dist0p10,00070_TRGFRWU128F42ADFA6,426
dist0p10,00071_TRFFMHE128F42BC530,413
dist0p10,00072_TRDGVTS128F92EBE30,263
dist0p10,00073_TRHUACP128F9330D0C,614
dist0p10,00074_TRSIVCC128F9342594,16
dist0p10,00075_TRNJYNH128F9310231,123
dist0p10,00076_TRCDHZW128F930EF4C,221
dist0p10,00077_TRJBLUT128F932DEC2,72
dist0p10,00078_TRHFYWM12903CEE0D9,0
dist0p10,00079_TRAAWSJ128F933D7EF,267
dist0p10,00080_TRAEINL12903CBAC41,811
dist0p10,00081_TRAFQFM128E078EC97,788
dist0p10,00082_TRAGACS128E078E74D,481
dist0p10,00083_TRAHLRJ128F1488710,560
dist0p10,00084_TRAZDZB128F428CF4A,115
dist0p10,00085_TRBBQPP128F92EE611,93
dist0p10,00086_TRBBYVD128F931AE0C,826
dist0p10,00087_TRBFDHO128F4294AF0,798
dist0p10,00088_TRBHGWP128E0793AD8,686
dist0p10,00089_TRCDNFU128F92DF6FB,159
dist0p10,00090_TRCHPTB12903CECB9A,731
dist0p10,00091_TRCKZEP128F9303D8D,649
dist0p10,00092_TRDFUQS12903CCEFD0,415
dist0p10,00093_TRDIYHW128F4234B6F,130
dist0p10,00094_TRDJQLI128E07917C7,614
dist0p10,00095_TRDPXKD128F1499EF3,397
dist0p10,00096_TRDSVSO128F92F3415,735
dist0p10,00097_TREBGRF128F148D11A,270
dist0p10,00098_TRECNJT128F423079A,831
dist0p10,00099_TRELJQR128F425C172,68
dist0p10,00100_TREPTBO128F4254E83,8
dist0p10,00101_TREXCGQ128E0786348,221
dist0p10,00102_TRFEVKY128F4289414,242
dist0p10,00103_TRFLCMC128E0792ECE,783
dist0p10,00104_TRFLQHF128F92CBD5C,327
dist0p10,00105_TRFSJUR12903CB23E7,89
dist0p10,00106_TRFVWNX128F4280657,650
dist0p10,00107_TRFXIMY128F4298335,799
dist0p10,00108_TRFXMFF128F428A663,795
dist0p10,00109_TRGEAAS128F92E1ADD,628
dist0p10,00110_TRGLMZJ128F92DC646,414
dist0p10,00111_TRGMWXV128F92DF8F0,150
dist0p10,00112_TRHEHIY128F42942B9,401
dist0p10,00113_TRHFFOC128F92F901F,552
dist0p10,00114_TRHNQPH128E07876D1,387
dist0p10,00115_TRHVDCV128EF342BB5,213
dist0p10,00116_TRIAWSK128E078893E,697
dist0p10,00117_TRICTCQ128F1489B5F,657
dist0p10,00118_TRIFEQF128F92F0344,603
dist0p10,00119_TRIFNXT128F4274A8C,724
dist0p10,00120_TRIHORS128F4280427,407
dist0p10,00121_TRIILOC128E0793F63,12
dist0p10,00122_TRIIVUQ128F4299C9F,115
dist0p10,00123_TRIMZJX128F4274235,672
dist0p10,00124_TRIPHYI128F147D40D,437
dist0p10,00125_TRISYPB12903CB2B52,628
dist0p10,00126_TRIZWLK128E0793C91,127
dist0p10,00127_TRJUVYQ128F4279A50,450
dist0p10,00128_TRKGXYF128F92D2C35,633
dist0p10,00129_TRKNEKI12903CDEAEB,665
dist0p10,00130_TRKTDFW128F4282A01,811
dist0p10,00131_TRKWFNH12903CD1D39,414
dist0p10,00132_TRKZAAS128E0793AB8,686
dist0p10,00133_TRLAACO128F148FDC0,743
dist0p10,00134_TRLFQTT128F145834F,159
dist0p10,00135_TRLOHNY128F4292262,158
dist0p10,00136_TRLVCZR128F426739D,82
dist0p10,00137_TRLZJKN128F93434FD,498
dist0p10,00138_TRMJIBB128F931F03D,768
dist0p10,00139_TRMRLRT128F931BFFE,296
dist0p10,00140_TRMTEPP128F42774E7,161
dist0p10,00141_TRNZCTZ128F427EFC1,554
dist0p10,00142_TRNZOCH128F423CDE8,781
dist0p10,00143_TROAZVW128F4279319,27
dist0p10,00144_TROFHYS128F4297B46,488
dist0p10,00145_TROIHJD128F1464EF6,221
dist0p10,00146_TROLENX128F9330D31,614
dist0p10,00147_TROLYXK128F428D09B,779
dist0p10,00148_TROUUSC128F4261F1E,797
dist0p10,00149_TROWILC12903CBB643,790
dist0p10,00150_TROXAZG12903CA7A82,660
dist0p10,00151_TRPLWAT128F4277121,15
dist0p10,00152_TRPVTRG128F425AB3E,798
dist0p10,00153_TRPWMGN128E078F2B8,12
dist0p10,00154_TRPWNYA128F14591AD,159
dist0p10,00155_TRPZBRB128F146284A,107
dist0p10,00156_TRQHRWD128F42A2552,272
dist0p10,00157_TRQLCBM128F92DC640,414
dist0p10,00158_TRQWZNT128F424EFD9,437
dist0p10,00159_TRQYAWK128E07927A4,686
dist0p10,00160_TRQZHBP128F428CF25,798
dist0p10,00161_TRRDMNY128F1463BBD,603
dist0p10,00162_TRRHXEG128F425EC9B,267
dist0p10,00163_TRRJHYJ128F148D7FD,832
dist0p10,00164_TRSNJKS128F148A811,482
dist0p10,00165_TRSVVUR128F4293036,158
dist0p10,00166_TRTELGR128F92EAA71,779
dist0p10,00167_TRTLXJO128F4259DEC,181
dist0p10,00168_TRTRRBA128F146043E,280
dist0p10,00169_TRUBESC12903CB2E09,785
dist0p10,00170_TRUHESC128F428B7F2,53
dist0p10,00171_TRUPVJM128F148A16D,243
dist0p10,00172_TRUQERG128F147CBEA,442
dist0p10,00173_TRUWVOL128F425D718,411
dist0p10,00174_TRVMUMY128F933D053,40
dist0p10,00175_TRVQFLX128F932A67D,159
dist0p10,00176_TRVTOKP128F42AEB2D,824
dist0p10,00177_TRVWTLL128F4232D79,261
dist0p10,00178_TRWBFCQ128F92E659C,117
dist0p10,00179_TRWJNAJ128F9340DFF,614
dist0p10,00180_TRWNVAA128F42ACF9C,783
dist0p10,00181_TRWXOCN12903CBF7C3,599
dist0p10,00182_TRWZJQX128F92F3FEE,299
dist0p10,00183_TRXAWRE128F428E037,367
dist0p10,00184_TRXFOLO12903CB0D1A,778
dist0p10,00185_TRXGCAI128F1476FA4,686
dist0p10,00186_TRXSLNF128F423971B,481
dist0p10,00187_TRXTGLE128F148A28C,387
dist0p10,00188_TRXWIRX128F4228AA1,342
dist0p10,00189_TRYHOYI12903D0950B,768
dist0p10,00190_TRYLBDR128F932A361,8
dist0p10,00191_TRYNUFQ128F42B9533,127
dist0p10,00192_TRYSUKL128E0783F65,766
dist0p10,00193_TRYVMNJ128F92FFBEA,410
dist0p10,00194_TRYXSYH128F93510D2,633
dist0p10,00195_TRZFSYZ128F93364AA,584
dist0p10,00196_TRZSKVY128F4298E31,790
dist0p20,00197_TRVXIJS128E0783A1E,425
dist0p20,00198_TRUBTGB128E07845A5,145
dist0p20,00199_TRZZIYQ128E078550C,356
dist0p20,00200_TRPTWLU128E078584F,795
dist0p20,00201_TRATIUI128E0787309,657
dist0p20,00202_TRUJZBM128E078731E,657
dist0p20,00203_TRLMFRB128E078E1FA,590
dist0p20,00204_TRZUHHO128E078E81E,585
dist0p20,00205_TRMDQOY128E078EB4D,485
dist0p20,00206_TRBRRDW128E078F7CA,382
dist0p20,00207_TRWXQQK128E078FC93,224
dist0p20,00208_TRRCPXP128E0791F01,326
dist0p20,00209_TRHGOTC128E07920B4,567
dist0p20,00210_TRLCBMX128E079339E,460
dist0p20,00211_TRPEGFC128E07990D0,783
dist0p20,00212_TRDPATX128E0799463,427
dist0p20,00213_TRIUVDX128F14531ED,21
dist0p20,00215_TRASQGR128F14557AA,436
dist0p20,00216_TRNJQAM128F14557AF,436
dist0p20,00217_TRBWTPJ128F145FB00,565
dist0p20,00218_TRLEFHF128F1463E25,792
dist0p20,00219_TRNZMIO128F14672D2,271
dist0p20,00220_TRGQVDQ128F1467E23,368
dist0p20,00221_TRWIHVQ128F1469328,561
dist0p20,00222_TRBHFWA128F146A21B,383
dist0p20,00223_TREKDZI128F146A972,744
dist0p20,00224_TRWSRFM128F146B81B,660
dist0p20,00225_TRTVBXQ128F14750C0,829
dist0p20,00226_TRGLFDX128F147727B,686
dist0p20,00227_TRTXBPS128F147C1FC,165
dist0p20,00228_TRGXZRI128F148D017,604
dist0p20,00229_TRYRMWH128F14917C7,565
dist0p20,00230_TRXCMQD128F149DA60,733
dist0p20,00231_TRUKHNV128F149ED32,31
dist0p20,00232_TRTTPCH128F14A2B55,737
dist0p20,00233_TRGRWLW128F14A8B61,534
dist0p20,00234_TRQTVEV128F14B1618,790
dist0p20,00235_TRKHDXT128EF342E3D,234
dist0p20,00236_TRSFIEK128F429549D,657
dist0p20,00237_TRLWMWL128F4297653,174
dist0p20,00238_TRHIEGC128F4299E12,751
dist0p20,00239_TRHXZSY128F4233B86,673
dist0p20,00240_TRZJZSZ128F4236530,361
dist0p20,00241_TRNEVKK128F423C21E,379
dist0p20,00242_TRLQEIK128F4240959,483
dist0p20,00243_TRPMMGT128F4240960,483
dist0p20,00244_TRWANRS128F424E300,232
dist0p20,00245_TRVNYXT128F424ED26,588
dist0p20,00246_TRSKATR128F4252499,222
dist0p20,00247_TRYAAHJ128F425F5D5,467
dist0p20,00248_TRWJZMX128F426216E,684
dist0p20,00249_TRONIFO128F4262360,487
dist0p20,00250_TREQRAC128F42900F0,326
dist0p20,00251_TRRVULD128F4293F02,687
dist0p20,00252_TRGRGFI128F423C06A,390
dist0p20,00253_TRKVBDR128F4242DD1,722
dist0p20,00254_TRMFOLO128F424A0FC,52
dist0p20,00255_TRSHKBR128F4281C97,700
dist0p20,00256_TRTBOIW128F424D514,203
dist0p20,00257_TRBLWKJ128F424D517,203
dist0p20,00258_TRIZHSW128F425A1EC,631
dist0p20,00259_TRTOMSR128F425EC84,416
dist0p20,00260_TRZPGQM128F4263FF1,227
dist0p20,00261_TRIRIJR128F4265681,670
dist0p20,00262_TRRKPYX128F4273176,211
dist0p20,00263_TRBUYMR128F427D59A,58
dist0p20,00264_TRKFPNL128F427D59F,58
dist0p20,00265_TRMBZVF128F428507C,796
dist0p20,00266_TRZDMLR128F42854CB,109
dist0p20,00267_TRSQDCO128F4285EB3,86
dist0p20,00268_TRPHRMB128F428A361,431
dist0p20,00269_TRBRECC128F428A375,456
dist0p20,00270_TRKWXST128F428D0ED,816
dist0p20,00271_TRNJFAN128F42910B7,398
dist0p20,00272_TRPKLQC128F4299DD0,357
dist0p20,00273_TRBZQBS128F92E63E8,582
dist0p20,00274_TRXOXTF128F9307FC8,541
dist0p20,00275_TRSMCGR128F9311A0D,635
dist0p20,00276_TRATWSP128F933AD36,11
dist0p20,00277_TROZPHT128F92DE66F,312
dist0p20,00278_TRPYYWT128F933318E,758
dist0p20,00279_TROBUEQ128F92D3101,475
dist0p20,00280_TRTHODJ128F92EF074,153
dist0p20,00281_TRCCCFN128F92E1D44,58
dist0p20,00282_TRWQINA128F9339E57,762
dist0p20,00283_TRBGCHI128F933B1F3,126
dist0p20,00284_TRDKWAN128F9307A66,626
dist0p20,00285_TRPTIUI128F9319DA4,178
dist0p20,00286_TRLYMOZ128F9319DA6,178
dist0p20,00287_TRQRHKG128F931BB56,780
dist0p20,00288_TREYALU128F933BBB7,142
dist0p20,00289_TRENNLG128F934324D,521
dist0p20,00290_TRFVRYY128F9305E81,115
dist0p20,00291_TRISWAB12903CA4A33,46
dist0p20,00292_TRPTGLI12903CD34D4,212
dist0p20,00293_TRPTBHZ12903CE747C,232
dist0p20,00294_TROGOZH12903D07042,30
dist0p20,00295_TRRDSSX128F92F4DC8,290
dist0p20,00296_TRNRKLE128F930F8FB,389
dist0p20,00297_TRQCLBJ128F933623F,789
dist0p20,00298_TRJRWIF128F93450C7,375
dist0p20,00299_TRSEKRS12903CBB4FF,630
dist0p20,00300_TRMRHAD12903CC0130,445
dist0p20,00301_TRFHVTT12903CF7CD9,574
dist0p20,00302_TRJVNVT12903CAE8EE,113
dist0p20,00303_TRAMTZM12903D01F9E,358
dist0p20,00304_TRABBFC128F428DFC5,783
dist0p20,00305_TRACMAJ128F1458881,437
dist0p20,00306_TRADJGT12903C9EE47,531
dist0p20,00307_TRAIAOW128F423A494,488
dist0p20,00308_TRALWYN128F429887F,667
dist0p20,00309_TRAQTVG128F427F936,213
dist0p20,00310_TRAVVZW12903CCEEE7,415
dist0p20,00311_TRAXHGL128F14744C6,296
dist0p20,00312_TRAYPJY128F4277962,778
dist0p20,00313_TRAYWXP128F4244520,478
dist0p20,00314_TRAZFIJ128F42778AF,778
dist0p20,00315_TRBIBLJ12903CCF436,415
dist0p20,00316_TRBIWRO128EF365B94,465
dist0p20,00317_TRBQZRB128F42AA6ED,68
dist0p20,00318_TRBUICZ128F42522EE,95
dist0p20,00319_TRCARHW128F147EDDD,654
dist0p20,00320_TRCCHSQ128F42BB135,405
dist0p20,00321_TRCDOFR128F930455E,276
dist0p20,00322_TRCFARS128F428FF8A,263
dist0p20,00323_TRCJWHB128F42999AD,401
dist0p20,00324_TRCKYAG12903CECB67,163
dist0p20,00325_TRCPSTQ128F42996EA,91
dist0p20,00326_TRCUNLB128E0783EC3,585
dist0p20,00327_TRDCRYX128F4259DD7,264
dist0p20,00328_TRDCWMK12903CE5175,565
dist0p20,00329_TRDDYIP128F423AC89,261
dist0p20,00330_TRDFYTM128F4295F2A,664
dist0p20,00331_TRDGVAY128F1468FAB,255
dist0p20,00332_TRDHYPI12903CD7E12,136
dist0p20,00333_TRDMWHC128F148D320,565
dist0p20,00334_TRDQHLC128F423FBE9,675
dist0p20,00335_TREBNEA128F4286897,222
dist0p20,00336_TRECEUT128E078A843,6
dist0p20,00337_TRELRBO128F42AE19D,576
dist0p20,00338_TRENBJH128F425AB35,798
dist0p20,00339_TREPYGE128F428A176,686
dist0p20,00340_TREUQHF128F92FC055,163
dist0p20,00341_TREWFGS128F93075E5,540
dist0p20,00342_TREYDVQ128F145BF9B,89
dist0p20,00343_TRFHLYQ12903CB0446,414
dist0p20,00344_TRFICNX128EF3518B0,363
dist0p20,00345_TRFIFFT128F147D9DC,132
dist0p20,00346_TRFIJVZ128F422F029,263
dist0p20,00347_TRFNECS128F424428A,781
dist0p20,00348_TRFOOCS128F92EE559,424
dist0p20,00349_TRFOUSU128F92DF9DC,587
dist0p20,00350_TRFPCAL128F147D418,437
dist0p20,00351_TRFRMJC128F428D15C,718
dist0p20,00352_TRFRQFZ128F423C4FA,222
dist0p20,00353_TRFXGYO128F1481F5E,565
dist0p20,00354_TRFYGQY128F426A3DC,430
dist0p20,00355_TRGEMKV128F42926CF,401
dist0p20,00356_TRGJNAN128F42AEEF6,100
dist0p20,00357_TRGNOKI128F425D5A8,104
dist0p20,00358_TRGNWZR128F4264558,605
dist0p20,00359_TRGTGJR128F92D2C42,73
dist0p20,00360_TRGVFTB128F427A5EB,268
dist0p20,00361_TRGWGFB128F42B0DCA,27
dist0p20,00362_TRGYRTX128F147CBC2,442
dist0p20,00363_TRHERPX128E0793096,621
dist0p20,00364_TRHMEDN128F145CA51,669
dist0p20,00365_TRHOCIG12903CEC575,279
dist0p20,00366_TRHPBFG128E078EE96,53
dist0p20,00367_TRHQHIJ128F423C184,664
dist0p20,00368_TRHTAIQ128F427275A,538
dist0p20,00369_TRHUAIB128F425C2D9,13
dist0p20,00370_TRHWXDD128F1484DF6,316
dist0p20,00371_TRHZXZK128F42A656A,693
dist0p20,00372_TRHZYPX128F92D2E06,636
dist0p20,00373_TRIABPA128F9304586,276
dist0p20,00374_TRIBRPC128F92F749F,276
dist0p20,00375_TRIERBF12903CCDB01,104
dist0p20,00376_TRIEVBC128E078A90C,6
dist0p20,00377_TRIRYOM128F425976B,507
dist0p20,00378_TRITXAK128F4292C90,699
dist0p20,00379_TRIVSGU128F14592BB,342
dist0p20,00380_TRIXYVW128F92EBE28,263
dist0p20,00381_TRJAUDT128F92D47DA,620
dist0p20,00382_TRJDPGX128F424426E,781
dist0p20,00383_TRJHXEO128F425C34E,116
dist0p20,00384_TRJJXWI128F426BD83,12
dist0p20,00385_TRJKVRF128E07857BF,795
dist0p20,00386_TRJKXXG128E0786C03,415
dist0p20,00387_TRJOHGG128F92F12B9,702
dist0p20,00388_TRJYVZH128F145BF8D,499
dist0p20,00389_TRKCUGS128F42A15B6,286
dist0p20,00390_TRKGHBX128F428E08C,206
dist0p20,00391_TRKJRVK128F932A6C9,51
dist0p20,00392_TRKJZTV128F933720F,93
dist0p20,00393_TRKLTEO12903CA15A9,686
dist0p20,00394_TRKMRQI128F42A00AF,819
dist0p20,00395_TRKOGBJ128F148A818,482
dist0p20,00396_TRKSHMF128F145BB25,764
dist0p20,00397_TRKUHVD128F146DE13,785
dist0p20,00398_TRKUOQD12903CE5A2B,97
dist0p20,00399_TRKZYBB128F92CC97D,620
dist0p20,00400_TRLABJZ128F42A0DD7,473
dist0p20,00401_TRLCZFU128F1484C54,692
dist0p20,00402_TRLJNMK12903CD36B9,20
dist0p20,00403_TRLJRUT128F4261CCA,444
dist0p20,00404_TRMGYEC128F14A2B40,664
dist0p20,00405_TRMHAZN12903CE5346,44
dist0p20,00406_TRMIOAZ128F428D874,205
dist0p20,00407_TRMJOXG128F4249F43,688
dist0p20,00408_TRMMSSG128F92C6877,778
dist0p20,00409_TRMPEEV128F42BB91B,104
dist0p20,00410_TRMPGQF128F42A4233,401
dist0p20,00411_TRMPISD12903D05F90,317
dist0p20,00412_TRMWYUT128F426A835,104
dist0p20,00413_TRMYTTC128F4298066,114
dist0p20,00414_TRMZNYS128F4261A2D,194
dist0p20,00415_TRNAAXR128F9312EBE,639
dist0p20,00416_TRNAKGC128F92D31A7,654
dist0p20,00417_TRNKXQU128F4270911,104
dist0p20,00418_TRNRUVQ128F147CD09,554
dist0p20,00419_TRNUCAQ128F148A27F,478
dist0p20,00420_TRNWQGU128F9304A23,206
dist0p20,00421_TRNXMWZ128E0787D35,814
dist0p20,00422_TROCMSR128E078F2A7,12
dist0p20,00423_TROCMXR128F1492394,686
dist0p20,00424_TROEMTP128F4287B7A,154
dist0p20,00425_TROIQNZ128F4279351,27
dist0p20,00426_TROJWHA128E078A83C,6
dist0p20,00427_TROKXMZ128F1466B13,89
dist0p20,00428_TROLPUB128F42BB925,84
dist0p20,00429_TRONCZL128F147A645,554
dist0p20,00430_TRONMTE128F1458B51,157
dist0p20,00431_TRORPHN128E0797FC4,801
dist0p20,00432_TROXXYE128F4267245,183
dist0p20,00433_TROZTGL128F148A27C,478
dist0p20,00434_TRPAESO128F92F900F,636
dist0p20,00435_TRPFNYP128F42AFEAF,205
dist0p20,00436_TRPJQIR12903CBE9BC,644
dist0p20,00437_TRPLKBK128F9302CA6,18
dist0p20,00438_TRPPOYF128F93421C3,444
dist0p20,00439_TRPRIAY128F145BCD8,202
dist0p20,00440_TRPUYLI128F425D72A,709
dist0p20,00441_TRQBGCA128F932796E,64
dist0p20,00442_TRQBLYT128F931B322,702
dist0p20,00443_TRQGALE128F1464846,54
dist0p20,00444_TRQGFCQ128F425627F,785
dist0p20,00445_TRQGJDD128E078A91C,6
dist0p20,00446_TRQHEGS128E0786C55,415
dist0p20,00447_TRQKELU128F92CF2A9,683
dist0p20,00448_TRQMENQ128E07876D3,387
dist0p20,00449_TRQOOME128F4257BAD,186
dist0p20,00450_TRQOOUE128E078253D,530
dist0p20,00451_TRQWKDK128F426A901,104
dist0p20,00452_TRQZZKG128F42756E7,432
dist0p20,00453_TRRAGAC128F423842C,821
dist0p20,00454_TRRCGFC12903CE26FE,163
dist0p20,00455_TRRFOIF128F428C6EE,785
dist0p20,00456_TRRIQWN128F92CA520,14
dist0p20,00457_TRRNUMR128F4259FFE,507
dist0p20,00458_TRRPXSU128F1470BBB,535
dist0p20,00459_TRRSKRE128F92CA523,14
dist0p20,00460_TRRUCDI128E078A909,6
dist0p20,00461_TRRVJXU128F428D205,798
dist0p20,00462_TRRZMCS128F147E9B6,8
dist0p20,00463_TRSLBAU128F42311D4,498
dist0p20,00464_TRSPTWX128F9348826,744
dist0p20,00465_TRSQASO128F932A427,709
dist0p20,00466_TRSRESY128E078858B,6
dist0p20,00467_TRSUPZV128F4290CDC,718
dist0p20,00468_TRSVZAY128F1472B95,302
dist0p20,00469_TRSWWQD12903CE26E5,578
dist0p20,00470_TRTAPXG128F145C310,36
dist0p20,00471_TRTCVMJ128F42AFD31,68
dist0p20,00472_TRTFNML128F42700B6,104
dist0p20,00473_TRTFYFQ128F4295EF2,63
dist0p20,00474_TRTGSIZ12903CE9121,670
dist0p20,00475_TRTIVLO128E0796691,657
dist0p20,00476_TRTJRKR128F1458624,744
dist0p20,00477_TRTLTEE128F934BAF4,795
dist0p20,00478_TRTRJRT12903D05FC3,89
dist0p20,00479_TRTRLLX12903C9C7B5,443
dist0p20,00480_TRTSDMM128F145840D,817
dist0p20,00481_TRTSTMA128F14AEC4E,624
dist0p20,00482_TRTTSVW128F92CA9EE,444
dist0p20,00483_TRUDCQL12903CB28BB,654
dist0p20,00484_TRUDNRB128F42598CA,569
dist0p20,00485_TRUHOQJ128F4292206,779
dist0p20,00486_TRUIMDA12903CEBF3B,609
dist0p20,00487_TRUKOYL128F9304545,552
dist0p20,00488_TRULGTG128F423AC9F,261
dist0p20,00489_TRUOMPF128F92F76E1,27
dist0p20,00490_TRUQZHJ128F1483715,791
dist0p20,00492_TRUSYHF128F4264FE2,104
dist0p20,00493_TRUWMOE128F934BEA0,316
dist0p20,00494_TRUXFUI128F147A638,603
dist0p20,00495_TRUZYZU128F145DF81,302
dist0p20,00496_TRVCBWD128F92F37A8,644
dist0p20,00497_TRVDDNP128F42722F6,605
dist0p20,00498_TRVFIFJ128F429846C,799
dist0p20,00499_TRVGRXU128F425093A,88
dist0p20,00500_TRVJUMU128F425887E,633
dist0p20,00501_TRVQEPU128F42969CA,785
dist0p20,00502_TRVRHDI128F9318635,832
dist0p20,00503_TRWACRO128F932A063,795
dist0p20,00504_TRWCKEI128E0780E47,88
dist0p20,00505_TRWDCWC128F147D427,437
dist0p20,00506_TRWGKYK128F146902C,453
dist0p20,00507_TRWSFXA12903CDE071,651
dist0p20,00508_TRWTXLQ128E0788B0B,681
dist0p20,00509_TRWVMGS128E0783EB1,585
dist0p20,00510_TRWVTBY128F92C60E1,157
dist0p20,00511_TRXBGVA128F92F8A71,157
dist0p20,00512_TRXCWZL128E0793240,107
dist0p20,00513_TRXDPQM128F9307079,186
dist0p20,00514_TRXKEOV128F92D594A,236
dist0p20,00515_TRXMQNH128F4287D61,768
dist0p20,00516_TRXPLCN128F42747A7,499
dist0p20,00517_TRXXCTX128F9334C13,97
dist0p20,00518_TRXXFTO128F14920C8,686
dist0p20,00519_TRYADUY128F93176B8,425
dist0p20,00520_TRYAVFU128F427A2D5,424
dist0p20,00521_TRYBGVR128F429B7AC,252
dist0p20,00522_TRYBQPN128F92FC104,756
dist0p20,00523_TRYCTHW128EF344269,778
dist0p20,00524_TRYEWVB128F42739EB,84
dist0p20,00525_TRYGCSY128F148A815,482
dist0p20,00526_TRYLTZQ128E0787594,523
dist0p20,00527_TRYTDVM128F4298393,636
dist0p20,00528_TRYYDPB128F145E3C0,692
dist0p20,00529_TRYZLNW128E0784932,443
dist0p20,00530_TRZCPYR128F4287D67,768
dist0p20,00531_TRZFSHV128F1460980,794
dist0p20,00532_TRZHSMF128F146EC2F,334
dist0p20,00533_TRZISOZ128E078758C,523
dist0p20,00534_TRZLHQC128F1454184,354
dist0p20,00535_TRZQVKY128F148D10B,270
dist0p20,00536_TRZSAJK12903CB73BF,471
dist0p20,00537_TRZVWBO128F4263A73,542
dist0p20,00539_TRZZHVH12903CC0B30,390
dist0p30,00540_TRMKEKJ128C71968E7,743
dist0p30,00541_TRZIECR128E0784FAB,565
dist0p30,00542_TRTTCQJ128E078508A,593
dist0p30,00543_TRERXMD128E0785744,207
dist0p30,00544_TRAZBPF128E0785859,795
dist0p30,00545_TRRQXOZ128E07860F8,351
dist0p30,00546_TRZKTWO128E07873DD,634
dist0p30,00547_TRUTYEU128E0787D4A,814
dist0p30,00548_TRKYFKI128E078E83A,585
dist0p30,00549_TRYNTJV128E078E896,69
dist0p30,00550_TRLDQZY128E078E897,69
dist0p30,00551_TRAIMRN128E0791E72,722
dist0p30,00552_TRTERUN128E0792697,750
dist0p30,00553_TRHDATZ128E07930B2,621
dist0p30,00554_TRKGDMT128E0793483,489
dist0p30,00555_TRBRPQK128E07936CD,690
dist0p30,00556_TRXXCFL128F145E5AC,580
dist0p30,00557_TRLEZSI128F1464817,783
dist0p30,00558_TRPXQGF128F1467DF2,192
dist0p30,00559_TRTTDTG128F146879B,204
dist0p30,00560_TRNIXCZ128F146D76C,537
dist0p30,00561_TRKBDSA128F1472B97,302
dist0p30,00562_TRDQFMQ128F14745DD,144
dist0p30,00563_TRZHZBC128F14750BF,829
dist0p30,00564_TRRYQGY128F147C1DC,468
dist0p30,00565_TRLFZKO128F147CC17,309
dist0p30,00566_TRFWIGT128F147CC7B,442
dist0p30,00567_TRHKEAQ128F1480E8E,801
dist0p30,00568_TRPWFXI128F14824E7,801
dist0p30,00569_TRLWCQR128F14824EB,801
dist0p30,00570_TRDLMBW128F14824EE,801
dist0p30,00571_TRPAPJW128F14824EF,801
dist0p30,00572_TRFEUCH128F148B995,378
dist0p30,00573_TRGNXVF128F14995E5,579
dist0p30,00574_TRZAQAZ128F149F9FF,351
dist0p30,00575_TRYUOBY128F14B0F10,497
dist0p30,00576_TREIBKI128EF3456D6,9
dist0p30,00577_TRSTOTS128EF3456D8,9
dist0p30,00578_TRYTJUA128EF34E591,364
dist0p30,00579_TRKJLHS128F4274234,695
dist0p30,00580_TRZBTHB128F4274246,694
dist0p30,00581_TRDPLYE128F4298D52,734
dist0p30,00582_TREHHJE128F4299B7E,343
dist0p30,00583_TRGRSVV128F4299E31,751
dist0p30,00584_TRLXKVE128F429B7AF,252
dist0p30,00585_TRUATKW128F4227BCA,436
dist0p30,00586_TRTRTIJ128F4228F6E,497
dist0p30,00587_TRVTKKR128F422F6A5,191
dist0p30,00588_TRQPUAB128F42389E9,516
dist0p30,00589_TRCFTRT128F4241656,801
dist0p30,00590_TRCUUMG128F4298705,491
dist0p30,00591_TRGJEQT128F4222C7A,740
dist0p30,00592_TRONEIG128F422D991,266
dist0p30,00593_TRPEWHE128F4231277,212
dist0p30,00594_TRNSUBY128F423C091,595
dist0p30,00595_TRLBAUI128F425464E,237
dist0p30,00596_TRLBESE128F42591EE,265
dist0p30,00597_TRCIHTY128F4260B16,65
dist0p30,00598_TRWCJZM128F4270614,663
dist0p30,00599_TRCTTNY128F427A3F2,484
dist0p30,00600_TRRUNUA128F42912D2,33
dist0p30,00601_TRJNGVN128F4292BD6,196
dist0p30,00602_TRNWOQP128F4214059,472
dist0p30,00603_TRAWOYD128F4215DDD,616
dist0p30,00604_TRODPKT128F4242DD4,722
dist0p30,00605_TRZJXEV128F426BD8A,12
dist0p30,00606_TRHCIZK128F4275B4B,794
dist0p30,00608_TRUWEPG128F428A4A0,807
dist0p30,00609_TRPYEVK128F4253DA6,803
dist0p30,00610_TRRONDX128F4259852,347
dist0p30,00611_TRCIPRH128F425A1AB,765
dist0p30,00612_TRGQBBU128F4264FE6,104
dist0p30,00613_TRWWYNJ128F426541F,602
dist0p30,00614_TRWEWEY128F4265734,760
dist0p30,00615_TRXFBNQ128F4268AE2,170
dist0p30,00616_TRWHECM128F4268B82,452
dist0p30,00617_TRYHSNT128F426A56C,78
dist0p30,00618_TRNPQUD128F426AD18,332
dist0p30,00619_TRMZLZR128F4278C05,377
dist0p30,00620_TRGPJIL128F4283E5F,17
dist0p30,00621_TRWGMNU128F4285330,711
dist0p30,00622_TRDBQXT128F4289423,242
dist0p30,00623_TRDHUFT128F429230B,253
dist0p30,00624_TROMRMM128F429D482,369
dist0p30,00625_TRALECB128F42A35E8,399
dist0p30,00626_TRNLVZB128F42A4ADB,57
dist0p30,00627_TREYOXS128F42AF3E2,242
dist0p30,00628_TRSIXNO128F92C3062,576
dist0p30,00630_TRJDXXC128F92EB219,134
dist0p30,00631_TRLDDOC128F92F1316,761
dist0p30,00632_TRVFXYU128F9305283,305
dist0p30,00633_TRQAPRM128F9310CCE,658
dist0p30,00634_TRKXSDG128F9325742,292
dist0p30,00635_TRAKIMD128F9306921,352
dist0p30,00636_TRMODFC128F9307AB4,738
dist0p30,00637_TRMWNOO128F9309A56,674
dist0p30,00638_TRKJTUV128F932BB1D,154
dist0p30,00639_TROAISE128F933DF0C,38
dist0p30,00640_TRFKYHS128F933ED6B,512
dist0p30,00641_TRXJRSJ128F9330D11,614
dist0p30,00642_TRKLATD128F9338236,466
dist0p30,00643_TRADCIF128F9338278,466
dist0p30,00644_TRBWXIQ128F9340B73,197
dist0p30,00645_TRUFDIE128F9341A89,536
dist0p30,00646_TRNVDLT128F9346325,466
dist0p30,00647_TRHPHEW128F92E2C63,466
dist0p30,00648_TRWZWXR128F92F653F,774
dist0p30,00649_TRLPBHX128F931B519,724
dist0p30,00650_TRBLSWQ128F9340F98,547
dist0p30,00651_TRRPVII12903C9AA94,144
dist0p30,00652_TRQXICJ12903C9AAFE,144
dist0p30,00653_TRIEAAR12903CB78F4,466
dist0p30,00654_TRMOQVR128F92F0EFB,119
dist0p30,00655_TRCFEBF128F9309B85,251
dist0p30,00656_TRWRXSJ128F9314B40,337
dist0p30,00657_TRXTPLJ128F9314B45,337
dist0p30,00658_TRFJUME128F932617C,505
dist0p30,00659_TRTWBNZ128F92F3426,752
dist0p30,00660_TRFBWCO12903CB0876,374
dist0p30,00661_TRYFUIE12903CBCF96,713
dist0p30,00662_TRABRUJ128F42ADE0D,104
dist0p30,00663_TRABUSZ128F4257BAB,305
dist0p30,00664_TRAFYGA128F425A92C,790
dist0p30,00665_TRAGAPY128F92F5DDE,264
dist0p30,00666_TRAJNYD128F9340A32,654
dist0p30,00667_TRALMQV128F147F21E,244
dist0p30,00668_TRALXIM128F92CA4F1,14
dist0p30,00669_TRAMDRT12903CA121C,12
dist0p30,00670_TRAMNNN128F42BBA86,800
dist0p30,00671_TRANEFR12903CF6040,754
dist0p30,00672_TRANHUM128F145F950,658
dist0p30,00673_TRAOPAF128F146C883,651
dist0p30,00674_TRAPECP128E078F91C,735
dist0p30,00675_TRAQEQZ128F931AA3E,794
dist0p30,00676_TRARBXK128F9341FF1,412
dist0p30,00677_TRATQUU128F148EF2B,489
dist0p30,00678_TRAXACX128E0792481,783
dist0p30,00679_TRAXLZU12903D05F94,544
dist0p30,00680_TRAZQKS128F4273164,211
dist0p30,00681_TRBAFNH128F428CB96,768
dist0p30,00682_TRBAUVN128F932FEF8,114
dist0p30,00683_TRBBEVP128F146ECF8,12
dist0p30,00684_TRBDWCY12903CA84B1,639
dist0p30,00685_TRBFCHU128F92E1B69,215
dist0p30,00686_TRBHDQU12903D09504,768
dist0p30,00687_TRBKFGA12903CFB7D6,773
dist0p30,00688_TRBMDUT128F92E05D4,767
dist0p30,00689_TRBPQIF128F145696D,121
dist0p30,00690_TRBSGTX128F149435E,654
dist0p30,00691_TRBUMAC128F427576F,349
dist0p30,00692_TRBVCRR128F4235517,6
dist0p30,00693_TRBXUUF128E0780E51,88
dist0p30,00694_TRBYTXE128F427AD35,793
dist0p30,00695_TRCBENI128F149D987,733
dist0p30,00696_TRCBHLT128F147FCB1,464
dist0p30,00697_TRCBSQP12903CF4DAA,28
dist0p30,00698_TRCCYZD128F932B5A1,651
dist0p30,00699_TRCDZDA128E078746C,315
dist0p30,00700_TRCEKGU128F148E7F0,171
dist0p30,00701_TRCFZYU12903CB0D36,171
dist0p30,00702_TRCGAQU128F9364C33,613
dist0p30,00703_TRCGVQW12903CE7BF6,154
dist0p30,00704_TRCHXXE128F428547C,685
dist0p30,00705_TRCIJTJ128F4288E5E,346
dist0p30,00706_TRCMPWM128F146DE0B,785
dist0p30,00707_TRCRFLR128F422D98D,266
dist0p30,00708_TRCSVJW128F428E3D7,148
dist0p30,00709_TRCUZFH128F4278239,809
dist0p30,00710_TRCXITP128F9310E51,530
dist0p30,00711_TRCZQLG128F427296A,794
dist0p30,00712_TRDDBKX128F4266F99,82
dist0p30,00713_TRDFMWU128F4214450,316
dist0p30,00714_TRDJSVQ128F1460F9A,545
dist0p30,00715_TRDKTII128F4293267,68
dist0p30,00716_TRDLEBF128F425A499,544
dist0p30,00717_TRDNMWT128F425D6E4,676
dist0p30,00718_TRDOXVN12903CD0B3D,104
dist0p30,00719_TRDQUZT128F92FCAD1,544
dist0p30,00720_TREDTYR128F14917E9,565
dist0p30,00721_TREGMUH128F4252DA3,530
dist0p30,00722_TRELWVL128E0785870,795
dist0p30,00723_TREPPQO128F933ACF8,219
dist0p30,00724_TRESBJX128F4262534,15
dist0p30,00725_TREUEKL128F930884F,457
dist0p30,00726_TREVSQX128F92F1695,68
dist0p30,00727_TREXGQL128F4259718,121
dist0p30,00728_TREYQPR128F1468D92,219
dist0p30,00729_TRFALES128F933B085,133
dist0p30,00730_TRFBSUK128F1484EE7,255
dist0p30,00731_TRFDVKX128F4292ADB,726
dist0p30,00732_TRFFIIC128F428ADB2,395
dist0p30,00733_TRFLOIB128F9303329,121
dist0p30,00734_TRFOMYM128F930D135,289
dist0p30,00735_TRFOSAA12903CE7C04,154
dist0p30,00736_TRFUFGY128F425D7D2,709
dist0p30,00737_TRFURQZ128F92DD378,98
dist0p30,00738_TRFWHBG12903CBF802,823
dist0p30,00739_TRFWHVK128F1466894,783
dist0p30,00740_TRFYBHO12903C9D599,12
dist0p30,00741_TRFYFUC128F424D500,203
dist0p30,00742_TRFZQIW128F93363FC,353
dist0p30,00743_TRGCFMF128F14557F4,10
dist0p30,00744_TRGDLYG12903CB0D32,261
dist0p30,00745_TRGEMWS128F145FB5F,658
dist0p30,00746_TRGERHM128F4287F1E,68
dist0p30,00747_TRGFNTP12903CB81A4,745
dist0p30,00748_TRGIATU128F427878D,117
dist0p30,00749_TRGIWGE128F92FD76C,809
dist0p30,00750_TRGLDYH128F4271A7A,562
dist0p30,00751_TRGMGVV128F930ADCF,323
dist0p30,00752_TRGMIKG128F93369D8,163
dist0p30,00753_TRGOOUI12903CB73BC,471
dist0p30,00754_TRGQVVO128F1491804,565
dist0p30,00755_TRGSPML128F427065A,352
dist0p30,00756_TRGTWMB128E078F2E5,12
dist0p30,00757_TRGXWAR128F42A2CCD,631
dist0p30,00758_TRGYDAB128F4267E27,291
dist0p30,00759_TRHAIFH128F93239B1,341
dist0p30,00760_TRHBDYA128F148AA4A,822
dist0p30,00761_TRHCMCR128F42800A4,341
dist0p30,00762_TRHEFDK128F14659A0,592
dist0p30,00763_TRHGCXF128F92FE4D3,704
dist0p30,00764_TRHJJZE128F14A2B3D,664
dist0p30,00765_TRHKFGW128F145C06F,89
dist0p30,00766_TRHNGRY128E0791670,786
dist0p30,00767_TRHNMNS128F149EC07,243
dist0p30,00768_TRHOHFZ12903CA8562,107
dist0p30,00769_TRHOSOG128F428B19B,449
dist0p30,00770_TRHRGRH128F9310D1E,658
dist0p30,00771_TRHRMNF128F14595A9,618
dist0p30,00772_TRHSOQS128E0782738,669
dist0p30,00773_TRHUKQU128F933ADCC,743
dist0p30,00774_TRHYXJX128E078EC1C,788
dist0p30,00775_TRHZAOJ128E07822FE,550
dist0p30,00776_TRIAVLI128F425A02B,767
dist0p30,00777_TRIAYBJ128E0799A5B,627
dist0p30,00778_TRIBCXK128F92F5682,676
dist0p30,00779_TRIIAID128E078D5F3,531
dist0p30,00780_TRILDNT128F1451F15,88
dist0p30,00781_TRIOPGM128F42954FD,272
dist0p30,00782_TRIRAEB128E0788BEE,275
dist0p30,00783_TRIUJRC128F14A5547,249
dist0p30,00784_TRIUQHM128F92EBE21,263
dist0p30,00785_TRIVHNE12903D07433,788
dist0p30,00786_TRIXVAA128F92DF8FB,186
dist0p30,00787_TRIYRFI128F147C26B,478
dist0p30,00788_TRIZRZS128E078E1F8,590
dist0p30,00789_TRJCWSS128F1481E40,261
dist0p30,00790_TRJNANQ128F92D08C3,244
dist0p30,00791_TRJPZOG128E078D6A7,520
dist0p30,00792_TRJTTNG128F4269122,661
dist0p30,00793_TRJVMVZ128F4263C58,186
dist0p30,00794_TRJWMLB128E0793F6C,12
dist0p30,00795_TRJWOLN128F42521A6,263
dist0p30,00796_TRJYWOA12903CCF332,415
dist0p30,00797_TRJZEGK128F1485DE0,53
dist0p30,00798_TRKEQZA128F145FD0D,600
dist0p30,00799_TRKEWIP128F427FF6F,195
dist0p30,00800_TRKMBZN128F428E0C0,302
dist0p30,00801_TRKNWWI128F428F656,115
dist0p30,00802_TRKOBCF12903CD0A6C,800
dist0p30,00803_TRKPGKP128F426E3A5,731
dist0p30,00804_TRKPJIG128F42A28CC,745
dist0p30,00805_TRKPUMW128E07931CD,735
dist0p30,00806_TRKRHYM128F42934A9,242
dist0p30,00807_TRKSWBS128F426BF3D,793
dist0p30,00808_TRKXBZZ128F4266F1F,74
dist0p30,00809_TRKXDDX128F92E308A,658
dist0p30,00810_TRKXICW12903C9AAB1,144
dist0p30,00811_TRKZPQA128E0786347,221
dist0p30,00812_TRLDGLX12903CC4E22,559
dist0p30,00813_TRLEEUP12903CE26AF,767
dist0p30,00814_TRLIKGK12903CBA9D3,631
dist0p30,00815_TRLJZJM128F14559E1,206
dist0p30,00816_TRLKEXL128F92D31AB,654
dist0p30,00817_TRLKPJN128E0784170,171
dist0p30,00818_TRLLEGV128E079944C,786
dist0p30,00819_TRLMNOH128F14685D0,129
dist0p30,00820_TRLMOHJ128F42989B0,381
dist0p30,00821_TRLMYOF128F931D661,644
dist0p30,00822_TRLPOSL128F4269516,594
dist0p30,00823_TRLPQCQ128E078E7DD,94
dist0p30,00824_TRLPUOB128F4270A35,289
dist0p30,00825_TRLROIH128EF3518F5,658
dist0p30,00826_TRLTEGO128E0784C51,586
dist0p30,00827_TRLUQBH128F92CC97F,620
dist0p30,00828_TRLVOOA12903CE5177,565
dist0p30,00829_TRLXQKI128F4295A97,115
dist0p30,00830_TRLYSHC128F92F75D5,300
dist0p30,00831_TRMAQBC128F423EC19,659
dist0p30,00832_TRMFCDV128F1476197,509
dist0p30,00833_TRMFVXV128F42AA6FF,68
dist0p30,00834_TRMHVFF128E078AFCD,782
dist0p30,00835_TRMHVXG128F9321308,46
dist0p30,00836_TRMKCDS128F424315F,72
dist0p30,00837_TRMQYCF128F9302B23,99
dist0p30,00838_TRMRHTW128F9305276,767
dist0p30,00839_TRMSMQF128F9364C5C,340
dist0p30,00840_TRMZPIA128F429B768,252
dist0p30,00841_TRNDZJT128E0792721,597
dist0p30,00842_TRNEVTH128F426C310,691
dist0p30,00843_TRNFIAC128F42A038C,334
dist0p30,00844_TRNFXWT128F14774A9,365
dist0p30,00845_TRNGOVM128F148C43B,346
dist0p30,00846_TRNHTEW12903D05CF9,206
dist0p30,00847_TRNJQHZ128F42948B0,401
dist0p30,00848_TRNKJPR128F4285066,166
dist0p30,00849_TRNLHJF128F42791D0,744
dist0p30,00850_TRNORDF128F149ED9B,6
dist0p30,00851_TRNOWIK128F92F0026,107
dist0p30,00852_TRNRLSZ128E0793088,621
dist0p30,00853_TRNVLKU128F426073C,450
dist0p30,00854_TRNVYMO128F1470B3A,243
dist0p30,00855_TROCLTL12903CF47BA,778
dist0p30,00856_TRODJJP12903CB0D5C,277
dist0p30,00857_TRODVYH128F428FF5D,263
dist0p30,00858_TROFFYZ128F429262A,420
dist0p30,00859_TROFHPZ128F42901F0,539
dist0p30,00860_TROMTUI128E0792357,597
dist0p30,00861_TROQHPL128F1484D32,350
dist0p30,00862_TROTCBJ128F4228AB6,342
dist0p30,00863_TROTIXO128F427EA49,686
dist0p30,00864_TROZOEJ128F1470DFA,680
dist0p30,00866_TRPJRHS12903CFB77F,773
dist0p30,00867_TRPKPQU128F4288B10,662
dist0p30,00868_TRPLFFW128F4291A08,779
dist0p30,00869_TRPNKDT128E078569B,748
dist0p30,00870_TRPOJFZ12903CDA3C3,560
dist0p30,00871_TRPUGLX128F145C03B,302
dist0p30,00872_TRPULWH128E0788797,209
dist0p30,00873_TRPVLGZ128F425F793,793
dist0p30,00874_TRQEUXG128F1460FA6,545
dist0p30,00875_TRQHJAK128F428F2D0,215
dist0p30,00876_TRQHMUC128F146E2CF,620
dist0p30,00877_TRQKITP128F428E430,247
dist0p30,00878_TRQLVGZ128F92FD650,707
dist0p30,00879_TRQMLSY128F92CA8D2,603
dist0p30,00880_TRQMSCD128F426A3F5,211
dist0p30,00881_TRQPFWU128F931B4F1,724
dist0p30,00882_TRQQOKT128E078C3AD,478
dist0p30,00883_TRQXEHX128E078863C,64
dist0p30,00884_TRRAJDA128F42509B8,365
dist0p30,00885_TRRBOFU128EF3518E1,658
dist0p30,00886_TRRGIBF128F427025E,591
dist0p30,00887_TRRIVDC128F932CF85,788
dist0p30,00888_TRRLIMM128E078CE6E,239
dist0p30,00889_TRRLIQL128F4266FF3,584
dist0p30,00890_TRRQUZJ128F42741AF,289
dist0p30,00891_TRRRAAG128F14744C5,296
dist0p30,00892_TRRSPIS128C71962D2,88
dist0p30,00893_TRRUUCY128F145BFF0,302
dist0p30,00894_TRRUUIS128E078D76F,782
dist0p30,00895_TRRXLJG128F92DF650,240
dist0p30,00896_TRRYOUS128F4284F79,254
dist0p30,00897_TRRZZYJ128E078A919,6
dist0p30,00898_TRSIUPJ128F426FFD7,525
dist0p30,00899_TRSIVJR128E0786BFD,415
dist0p30,00900_TRSKBUE128F146A8DD,383
dist0p30,00901_TRSKXNP128F427B47F,681
dist0p30,00902_TRSMLZI12903CC830E,185
dist0p30,00903_TRSMSVA128E0781851,550
dist0p30,00904_TRSQDAZ12903CDE06E,147
dist0p30,00905_TRSRYBA12903CA4A3D,46
dist0p30,00906_TRSTIOF128F9322A06,93
dist0p30,00907_TRSVCAH12903CB28BA,782
dist0p30,00908_TRSWPNJ12903CA4A3A,46
dist0p30,00909_TRSZRZF128F426A839,104
dist0p30,00910_TRTAFTL128F42A1914,755
dist0p30,00911_TRTIFLF128F931EE7C,62
dist0p30,00912_TRTIZSV128F42608E8,784
dist0p30,00913_TRTNJHH128F932A4DC,646
dist0p30,00914_TRTPLWC128F42693C7,129
dist0p30,00915_TRTPNQG128F42AD6A4,166
dist0p30,00916_TRTQDPZ128F4298936,381
dist0p30,00917_TRTRHJG128F425A940,790
dist0p30,00918_TRTRSOZ128F4270680,691
dist0p30,00919_TRTTQPA128E0784329,603
dist0p30,00920_TRTUSVT128F42597F3,767
dist0p30,00921_TRTVNQB128F932274C,600
dist0p30,00922_TRTVQVN128C71962D8,88
dist0p30,00923_TRTWBDB128EF34300F,828
dist0p30,00924_TRTWJXG128F931DFB2,300
dist0p30,00925_TRTWUTH128F92F28DD,657
dist0p30,00926_TRTYNQW128F4255339,529
dist0p30,00927_TRUAJSP128F4273741,546
dist0p30,00928_TRUAUPB128F92E80F4,787
dist0p30,00929_TRUKEIZ128EF34B6C4,324
dist0p30,00930_TRUOGNN128F145B34C,618
dist0p30,00931_TRUPWZN128E0785850,795
dist0p30,00932_TRUQUTE128F42601C7,618
dist0p30,00933_TRURUDU128F4267534,301
dist0p30,00934_TRUTDJQ128F92EB243,161
dist0p30,00935_TRUTOBC128F4269C40,546
dist0p30,00936_TRUUQQG128F146B044,707
dist0p30,00937_TRUVQOP128F425A050,767
dist0p30,00938_TRUZHFD128F429C33B,799
dist0p30,00939_TRVILAN128F42B635B,214
dist0p30,00940_TRVKLEY128F427148A,381
dist0p30,00941_TRVMGEZ128F428BA0A,85
dist0p30,00942_TRVNIAP128E0787310,657
dist0p30,00943_TRVQCVF128F9342F6F,208
dist0p30,00944_TRVRBPO128F42BC577,100
dist0p30,00945_TRVRYZE128F145696E,121
dist0p30,00946_TRVUNBB12903C9CE6B,699
dist0p30,00947_TRVUNGT128E078634F,221
dist0p30,00948_TRVVUUH128E0784838,443
dist0p30,00949_TRWBSOX128F92D2DCD,211
dist0p30,00950_TRWCFQZ12903D0CAF2,642
dist0p30,00951_TRWFHWK128F9305E83,115
dist0p30,00952_TRWGTRJ128F42756E4,707
dist0p30,00953_TRWIWMY128F92E2E3E,177
dist0p30,00954_TRWKIRJ128F427D563,132
dist0p30,00955_TRWNNSU128F4263BB3,542
dist0p30,00956_TRWVBZK128E0794B40,206
dist0p30,00957_TRWVCVS128F92F5687,793
dist0p30,00958_TRWVKAJ128F92F123B,470
dist0p30,00959_TRWXQJZ128F9337E76,688
dist0p30,00960_TRXDVII128F423550F,6
dist0p30,00961_TRXDYQI128E0793474,489
dist0p30,00962_TRXHCVJ128F4228C38,154
dist0p30,00963_TRXJHPE128F92D2BBF,717
dist0p30,00964_TRXMJKY128F4270938,769
dist0p30,00965_TRXMRWR128F934BE2F,316
dist0p30,00966_TRXNVQQ128F4259D91,28
dist0p30,00967_TRXSYBQ128F42BAA1F,68
dist0p30,00968_TRXTHQI128F14623D7,620
dist0p30,00969_TRXUWPX128F425FBEE,545
dist0p30,00970_TRXVFHV12903CF482D,626
dist0p30,00971_TRXVIOH128F146EC44,154
dist0p30,00972_TRXWLLE128F92FC125,824
dist0p30,00973_TRXZJXP128E0794039,735
dist0p30,00974_TRYCYQE128E0792EC9,783
dist0p30,00975_TRYINVS12903CA4435,766
dist0p30,00976_TRYIOVT128F42BB917,767
dist0p30,00977_TRYLFHC12903CF8020,767
dist0p30,00978_TRYLXEF128F429545D,657
dist0p30,00979_TRYORLV128F4252D01,530
dist0p30,00980_TRYTLVS128E07857C3,795
dist0p30,00981_TRYVMUS128F42A154B,286
dist0p30,00982_TRYWFVK128F145EEDF,794
dist0p30,00983_TRYWVVG128F428A2C3,320
dist0p30,00984_TRYXIVA128F426E751,793
dist0p30,00985_TRZCJZJ128F9364C67,654
dist0p30,00986_TRZEFZC128F42926CB,401
dist0p30,00987_TRZFMVE128F14589DE,300
dist0p30,00988_TRZQIBG128F4278271,809
dist0p30,00989_TRZRTCL128F4228A41,202
dist0p30,00990_TRZTBDO128F423CB75,526
dist0p30,00991_TRZUMAU12903CBA485,82
dist0p30,00992_TRZVABW12903CC606A,797
dist0p30,00993_TRZVJVL128E078D26E,239
dist0p30,00994_TRZYDYK128E078B5FB,651
dist0p30,00995_TRZYOGR128F42948AF,798
dist0p30,00996_TRZZZYV128F92E996D,721
dist0p40,00997_TRCXFPD128C7196A52,701
dist0p40,00998_TRTSMUJ128E0780EA5,122
dist0p40,00999_TRHQNHV128E07828AD,825
dist0p40,01000_TREAGFV128E0783844,122
dist0p40,01001_TRGPIFL128E0783C80,440
dist0p40,01002_TROZZEQ128E0788FE8,783
dist0p40,01003_TRPMPPF128E078B002,111
dist0p40,01004_TRBDQLL128E078B757,459
dist0p40,01005_TRJVJQS128E078EFA8,106
dist0p40,01006_TRBXGHM128E0791287,708
dist0p40,01007_TROKVZC128E0791D2A,783
dist0p40,01008_TRVSAYZ128E07942C4,678
dist0p40,01009_TREVDPT128E0797FC3,801
dist0p40,01010_TRUCDNM128F14539D1,795
dist0p40,01011_TRLIBLX128F1453AE6,415
dist0p40,01012_TRBSXPE128F1453DCE,783
dist0p40,01013_TRRRKJI128F1456D1B,467
dist0p40,01014_TRJQVMF128F145F6E4,103
dist0p40,01015_TRDWLFV128F1462F75,732
dist0p40,01016_TRADWVP128F1465037,753
dist0p40,01017_TRJFZPO128F1468388,309
dist0p40,01018_TRITWYP128F146D73E,537
dist0p40,01019_TRLBCCY128F146EEF3,553
dist0p40,01020_TROIOWA128F1472B8E,302
dist0p40,01021_TRFMTTL128F14750CA,829
dist0p40,01022_TRBYHSA128F147619E,509
dist0p40,01023_TRCLUVT128F14773C1,1
dist0p40,01024_TREJTGG128F147C7C6,715
dist0p40,01025_TRCMQTP128F147CBD0,442
dist0p40,01026_TRTFLPV128F147CC16,309
dist0p40,01027_TRIJSDT128F147CC1F,309
dist0p40,01028_TRQVLRH128F147D6AF,678
dist0p40,01029_TRTLNBS128F147ECDF,671
dist0p40,01030_TRRGEJM128F1480E86,801
dist0p40,01031_TRFWLNS128F148B018,500
dist0p40,01032_TRRTRRS128F148B5D8,648
dist0p40,01033_TRAUVUF128F148D1AA,458
dist0p40,01034_TRKFJCW128F148F467,495
dist0p40,01035_TRQELKI128F1491A7C,799
dist0p40,01036_TRUURXI128F1494970,625
dist0p40,01037_TRHHZSR128F149F318,425
dist0p40,01038_TRAMJWO128EF343C19,575
dist0p40,01039_TRMRVVG128F4291138,623
dist0p40,01040_TREAYTA128F42954A7,657
dist0p40,01041_TRFNPYY128F42ACBC8,820
dist0p40,01042_TRQMNYN128F42AD03D,568
dist0p40,01043_TRBUPRX128F42267F4,47
dist0p40,01045_TREGUIT128F4228F34,814
dist0p40,01046_TRMXENY128F422BADD,583
dist0p40,01047_TRHHSUK128F4236D1F,626
dist0p40,01048_TRDAWVS128F4236D29,626
dist0p40,01049_TROXQXB128F4242C75,501
dist0p40,01050_TRQZHAY128F424E1C4,70
dist0p40,01051_TRHXBMS128F425AEB4,266
dist0p40,01052_TRVVKNV128F425B627,739
dist0p40,01053_TRBOGEC128F425D9AD,772
dist0p40,01054_TRFALYT128F4290750,333
dist0p40,01055_TRVHPDQ128F4292171,381
dist0p40,01056_TRELZGJ128F424BE44,643
dist0p40,01057_TRLKIRF128F4251749,429
dist0p40,01058_TRJMOCP128F425E3FF,138
dist0p40,01059_TRWXPSI128F426C8AE,380
dist0p40,01060_TRFFSTY128F427A400,484
dist0p40,01061_TRVJCMS128F42830B4,478
dist0p40,01062_TREHEEP128F42140C7,45
dist0p40,01063_TRIHMBW128F422BFF2,172
dist0p40,01064_TRIEISV128F424D548,203
dist0p40,01065_TREDRYC128F4250127,513
dist0p40,01066_TRIMCMJ128F426383B,492
dist0p40,01067_TRHODQS128F4265380,564
dist0p40,01068_TRNLTZW128F4265B56,409
dist0p40,01069_TRWSXDR128F4272055,679
dist0p40,01070_TRKRZLR128F427255A,55
dist0p40,01071_TRMZNMK128F4272652,736
dist0p40,01072_TRMFPOH128F4273C6B,297
dist0p40,01073_TRQQMVU128F427693E,191
dist0p40,01074_TRGVHKP128F427A4D9,15
dist0p40,01075_TRKUOXO128F427E3B7,168
dist0p40,01076_TRTODYW128F4282A13,278
dist0p40,01077_TRZVOBX128F4295619,200
dist0p40,01078_TREPNAK128F4298070,114
dist0p40,01079_TRKBJJC128F42AA781,242
dist0p40,01080_TRCYIAQ128F42B12C0,108
dist0p40,01081_TROUHQM128F92C5777,622
dist0p40,01082_TRPLRHD128F92CE226,738
dist0p40,01083_TRFFJUT128F92D4DCE,504
dist0p40,01084_TRVVEQR128F92DEA4C,577
dist0p40,01085_TRFVPDS128F92F10F3,783
dist0p40,01086_TRKBCXQ128F9302C88,190
dist0p40,01087_TRFYUEZ128F9310CD4,658
dist0p40,01088_TRRZYBC128F9325740,292
dist0p40,01089_TRVPMAE128F9334013,806
dist0p40,01090_TRTSFVM128F92D31B2,713
dist0p40,01091_TRKQKWL128F92ED322,357
dist0p40,01092_TREDHHW128F92ED4B6,183
dist0p40,01093_TRLCVIO128F93049BF,357
dist0p40,01094_TRPTDRP128F93140F8,522
dist0p40,01095_TROLRWJ128F933895F,532
dist0p40,01096_TROMXDD128F93244AE,362
dist0p40,01097_TRXODKF128F9329E17,629
dist0p40,01098_TRTZPYK128F9329E29,629
dist0p40,01099_TRGZJAW128F934351C,498
dist0p40,01100_TRHZHEU128F9354786,9
dist0p40,01101_TRXQSFO128F92EC3B6,742
dist0p40,01102_TRGXGRA128F92F40B8,308
dist0p40,01103_TRTQPET128F9340F9E,547
dist0p40,01104_TRHZBOK128F934B4CA,32
dist0p40,01105_TRLCNDP12903CE15EB,451
dist0p40,01106_TRZTGIZ12903CEA285,235
dist0p40,01107_TRXZBFS128F92F24D2,242
dist0p40,01108_TRXNXPH128F93061FF,757
dist0p40,01109_TRIQSFA128F9307EB2,144
dist0p40,01110_TRMSLTU128F9313C5E,802
dist0p40,01111_TRSSMBI128F9342CDA,131
dist0p40,01112_TRZVDCV12903CBB501,630
dist0p40,01113_TRNSIFK12903CC39E0,737
dist0p40,01114_TRERKKY12903CF4465,824
dist0p40,01115_TRFOHII12903CC2895,734
dist0p40,01116_TRVVWFP12903CAA89C,795
dist0p40,01117_TRAAAZF12903CCCF6B,439
dist0p40,01118_TRAATZB12903CC59D8,287
dist0p40,01119_TRAHLBO128F9340FEE,776
dist0p40,01120_TRAJFBN128F930527C,200
dist0p40,01121_TRAKUMK128F933AA30,650
dist0p40,01122_TRAVEUS128F4238CB5,24
dist0p40,01123_TRAYIFV128F934B689,89
dist0p40,01124_TRBBAEQ128F42B18B9,345
dist0p40,01125_TRBBKGH128F145684E,810
dist0p40,01126_TRBBXSE128F42798F6,809
dist0p40,01127_TRBEBWG128F93214A4,809
dist0p40,01128_TRBNCXK128F147CBC6,442
dist0p40,01129_TRBNMXL12903CBFB9A,298
dist0p40,01130_TRBOFSY128F1469651,238
dist0p40,01131_TRBOTNA128F423AC69,261
dist0p40,01132_TRBPSFB128F92F3FCA,569
dist0p40,01133_TRBRNPA128F92EF76C,814
dist0p40,01134_TRBVSLA128F42954A2,657
dist0p40,01135_TRBVYHP128F14668A1,783
dist0p40,01136_TRBXUPA128F4270554,793
dist0p40,01137_TRBYVLR128F4235AF7,295
dist0p40,01138_TRCBIIS128F147FCB6,516
dist0p40,01139_TRCFOUA128E07842AC,284
dist0p40,01140_TRCJAOE128F1453D59,88
dist0p40,01141_TRCJGAY128F426050F,373
dist0p40,01142_TRCKIHC12903CD0B97,479
dist0p40,01143_TRCKXDA128F422B936,590
dist0p40,01144_TRCKXIL128F4284EDF,638
dist0p40,01145_TRCKYIM128E0782A2F,529
dist0p40,01146_TRCRGSO128F42A1565,286
dist0p40,01147_TRCYFPB128F4277D81,243
dist0p40,01148_TRDEIIJ128F1489889,154
dist0p40,01149_TRDGCIZ128F14640CE,559
dist0p40,01150_TRDIZQU128F93353DF,188
dist0p40,01151_TRDLQZL128F429D195,105
dist0p40,01152_TRDMYHS12903CB23D1,56
dist0p40,01153_TRDNPGX128F429C5F4,525
dist0p40,01154_TRDOVIW128F42353E0,72
dist0p40,01155_TREAYWA128F1485D7B,616
dist0p40,01156_TREDSAY128F4265DAE,83
dist0p40,01157_TREEECE128F426A826,26
dist0p40,01158_TREFQAX128F426D1FA,132
dist0p40,01159_TREHRDF128F426B05E,606
dist0p40,01160_TRERCQC128F9311D45,477
dist0p40,01161_TRESREO128F4295463,657
dist0p40,01162_TRETPUT128F427E11E,79
dist0p40,01163_TRETQJL128F149199F,156
dist0p40,01164_TRETRYJ128E0795C57,385
dist0p40,01165_TRFARJO128F1456356,565
dist0p40,01166_TRFBXPP128F4269EFF,289
dist0p40,01167_TRFCKLE128F426EA72,345
dist0p40,01168_TRFGZPB128F92FFBF9,569
dist0p40,01169_TRFQTXH128F934B72D,647
dist0p40,01170_TRFTPIX128F9305E70,115
dist0p40,01171_TRFUJBZ128F1485E14,392
dist0p40,01172_TRFWBWA128F429BFE8,330
dist0p40,01173_TRGCIRN128F422EFEC,263
dist0p40,01174_TRGCJVM128E0780E48,88
dist0p40,01175_TRGDQUL128F92E5302,571
dist0p40,01176_TRGJCMA128F9329F8A,614
dist0p40,01177_TRGKHUB128F93430F2,507
dist0p40,01178_TRGLFOX128F4230A69,324
dist0p40,01179_TRGOZZZ128E0785872,795
dist0p40,01180_TRHBVZH128F428D3DE,114
dist0p40,01181_TRHGYQQ128F92E2272,516
dist0p40,01182_TRHIVDZ128F14557CF,241
dist0p40,01183_TRHMWJW128E0798A89,550
dist0p40,01184_TRHVLQV128F4289642,215
dist0p40,01185_TRHXWEE128F930DF37,127
dist0p40,01186_TRIBZEK128F14681EB,92
dist0p40,01187_TRIIEWC128E0786659,21
dist0p40,01188_TRIXXAA128F425E21F,250
dist0p40,01189_TRJFBHM128F426712A,321
dist0p40,01190_TRJFGYO128F4259743,803
dist0p40,01191_TRJKBXA128F92C986D,433
dist0p40,01192_TRJOROB128E0787D59,814
dist0p40,01193_TRJSLGC128F42B84FD,345
dist0p40,01194_TRJWHST128F4289AB8,215
dist0p40,01195_TRJXOAS12903CEC6C4,3
dist0p40,01196_TRJXTTG12903CC49FB,822
dist0p40,01197_TRKAHGT128F1456BEC,476
dist0p40,01198_TRKHWXL128F42782F2,66
dist0p40,01199_TRKIZWL128EF342C5A,213
dist0p40,01200_TRKMQLS128F146EC3D,154
dist0p40,01201_TRKUUKE128F93034F6,826
dist0p40,01202_TRKXFWL128E07811BF,187
dist0p40,01203_TRKYPOL128F427C0C0,658
dist0p40,01204_TRKYTAG128F92EE5BC,819
dist0p40,01205_TRLDCZE128F9334CDF,127
dist0p40,01206_TRLFPDE12903CF9E9E,34
dist0p40,01207_TRLGAVF128F14A5557,384
dist0p40,01208_TRLHNLY12903CC0587,705
dist0p40,01209_TRLIXUN128F145B6C9,80
dist0p40,01210_TRLRTXD128F92DD515,815
dist0p40,01211_TRLZXVF128F4297878,387
dist0p40,01212_TRMAVAO128F429F900,411
dist0p40,01213_TRMEZPD128F1463BE5,733
dist0p40,01214_TRMIMZV128E0793AC5,686
dist0p40,01215_TRMJEXL128E0793AF6,686
dist0p40,01216_TRMKMQA12903D042D6,808
dist0p40,01217_TRMNKGI128F9364CA0,34
dist0p40,01218_TRMTRVO128F4285EDD,804
dist0p40,01219_TRMUJKQ12903CA8495,88
dist0p40,01220_TRMYXFN128E07931CF,735
dist0p40,01221_TRMZTZJ128F145BA51,360
dist0p40,01222_TRNFCDV128F1489886,154
dist0p40,01223_TRNIOMJ128F92F82ED,101
dist0p40,01224_TRNQXPB128F9316747,282
dist0p40,01225_TRNRWAU128E0793EAA,762
dist0p40,01226_TRNSIZL128F4298571,799
dist0p40,01227_TRNVTWL128E0798526,819
dist0p40,01228_TRNXWKG128E07927AC,686
dist0p40,01229_TRNZRYI128F4267F74,177
dist0p40,01230_TROBNTT128F427148F,381
dist0p40,01231_TROFNGJ128F429D84A,678
dist0p40,01232_TROPBJV128F4231801,208
dist0p40,01233_TROQAWC128F148CCD1,482
dist0p40,01234_TROUKMG128F146A0B1,561
dist0p40,01235_TROXMAA128F92DD516,34
dist0p40,01236_TROYQUG128F146D754,537
dist0p40,01237_TRPCAOD128E0788980,697
dist0p40,01238_TRPDSQJ128F92D2698,43
dist0p40,01239_TRPHMFA128F92D2DC7,202
dist0p40,01240_TRPHUBJ128F42B9959,614
dist0p40,01241_TRPNZUI128F14964BD,620
dist0p40,01242_TRPXBFK128F145A6C3,805
dist0p40,01243_TRPYRKW128F92D2E1E,657
dist0p40,01244_TRPZTAN128F429F975,799
dist0p40,01245_TRQJUHU128E0798D10,415
dist0p40,01246_TRQLAQG128F429CCFC,799
dist0p40,01247_TRQMJEJ12903CC84AC,63
dist0p40,01248_TRQPOQV128F92DF970,63
dist0p40,01249_TRQPYQA128F425F346,729
dist0p40,01250_TRQTPDN128F4261E3D,661
dist0p40,01251_TRQUDXU12903CF8023,794
dist0p40,01252_TRQURFG128F4295001,404
dist0p40,01253_TRQWDTQ128F4299988,114
dist0p40,01254_TRQYNHU128F425D717,200
dist0p40,01255_TRQZXXS128F146402E,327
dist0p40,01256_TRRDBJG128F422B8B3,287
dist0p40,01257_TRRRYBV128E0793857,87
dist0p40,01258_TRRXQAW128F4298946,381
dist0p40,01259_TRRYCEH128F42BC693,98
dist0p40,01260_TRSAQTA128F146DCCE,438
dist0p40,01261_TRSBMSY128EF35EF8B,817
dist0p40,01262_TRSBZKR128F9334D35,64
dist0p40,01263_TRSDLDC128F93500D7,121
dist0p40,01264_TRSDVNE128F428EBAE,544
dist0p40,01266_TRSLWVM128F1455B23,206
dist0p40,01267_TRSMEMX128E079248C,783
dist0p40,01268_TRSWQYF128F147CBC0,442
dist0p40,01269_TRSWTDH128F148A27D,478
dist0p40,01270_TRSXTZK128F931AD91,310
dist0p40,01271_TRTFVFH12903CC1151,652
dist0p40,01272_TRTKVLQ128F92EE30C,376
dist0p40,01273_TRTLDJA128F14570E8,288
dist0p40,01274_TRTLFHT128F148A281,478
dist0p40,01275_TRTMWPQ128F4278E76,682
dist0p40,01276_TRTONJG128F4260A27,729
dist0p40,01277_TRTSQLA12903D0737C,340
dist0p40,01278_TRTUHYO128F42BC268,233
dist0p40,01279_TRTYHUE128F429FD9B,336
dist0p40,01280_TRUBCER128F4264FF4,104
dist0p40,01281_TRUFCVS12903C9E728,785
dist0p40,01282_TRUIHGX128F9330D2D,614
dist0p40,01283_TRUJPTU128F92EFACA,571
dist0p40,01284_TRUPDNU128F147CBE9,442
dist0p40,01285_TRUUMHO128F1459434,637
dist0p40,01286_TRUYHSK128F425B009,160
dist0p40,01287_TRVBHEI128F425BEA5,289
dist0p40,01288_TRVHVNS128F4262D2F,632
dist0p40,01289_TRVNYSZ128E0792A2B,90
dist0p40,01290_TRVWROF128F425D72B,769
dist0p40,01291_TRVZQSO128F92F902E,794
dist0p40,01292_TRWBBRB128F149EA28,259
dist0p40,01293_TRWMAAQ128EF344587,571
dist0p40,01294_TRWQDXB128F1463DD6,311
dist0p40,01295_TRWQXAK128E0780DD4,819
dist0p40,01296_TRWTLZT128F4275721,360
dist0p40,01297_TRXAHEE128E078F3E3,29
dist0p40,01298_TRXANGZ128F92D16B6,563
dist0p40,01299_TRXJVXK128F427D74B,341
dist0p40,01300_TRXOGKS128F14681EE,92
dist0p40,01301_TRXVOBX128F4243131,72
dist0p40,01302_TRYGFXK128F428C259,241
dist0p40,01303_TRYMMOX128F4274A83,826
dist0p40,01304_TRYOFYZ12903CB6A94,213
dist0p40,01305_TRYOUGX128F422B8AD,559
dist0p40,01306_TRYROSM12903CB23CE,274
dist0p40,01307_TRYTEGY12903CA0D77,121
dist0p40,01308_TRYWQZA128E0782FFB,510
dist0p40,01309_TRYZHTR12903CF9D2B,414
dist0p40,01310_TRYZYCY12903CD0B4C,587
dist0p40,01311_TRZIGWU128E07857CE,795
dist0p40,01312_TRZLFGI128F92E2FD0,559
dist0p40,01313_TRZMBJV128F425AE25,783
dist0p40,01314_TRZMPZW128F934B7A4,89
dist0p40,01315_TRZOHXR128F92EC5F4,161
dist0p40,01316_TRZQCHZ12903CA7C83,696
dist0p40,01317_TRZVYHZ128F92F278A,104
dist0p40,01318_TRZWAYS128F92D3F49,304
dist0p50,01319_TRCYYEF128C71968CA,355
dist0p50,01320_TRQRKGB128E078122A,743
dist0p50,01321_TRYXGRG128E07850E8,598
dist0p50,01322_TRIGZWY128E07851FD,759
dist0p50,01323_TRTLNAY128E079533B,484
dist0p50,01324_TRJXXUN128F1460F6E,813
dist0p50,01325_TRKNREU128F1463CC0,135
dist0p50,01326_TRBHKVD128F146F758,309
dist0p50,01327_TRQLZOD128F148E2DC,30
dist0p50,01328_TRXBUZE128F149BB74,223
dist0p50,01329_TRITVJE128F427E194,461
dist0p50,01330_TRFSGBU128F428E155,406
dist0p50,01331_TRZJUHJ128F429A6BC,328
dist0p50,01332_TRAJIEU128F429B613,730
dist0p50,01333_TRXDYUE128F429FC3F,154
dist0p50,01334_TRDGUKM128F423458E,608
dist0p50,01335_TRCSJPA128F42345A3,76
dist0p50,01336_TRYZMOC128F423E58D,468
dist0p50,01337_TRMAFWC128F423E58F,468
dist0p50,01338_TRHQDFZ128F425C9D3,428
dist0p50,01339_TRBVXJK128F4262FA2,785
dist0p50,01340_TRIONDP128F429DB55,818
dist0p50,01341_TROWQCA128F427A423,484
dist0p50,01342_TREVBXL128F4282284,801
dist0p50,01343_TRKAJOL128F428A28C,124
dist0p50,01344_TRZJWAM128F42481F4,675
dist0p50,01345_TRDGPDC128F426A742,176
dist0p50,01346_TRRQBZY128F4254958,137
dist0p50,01347_TRKTEKX128F425EC93,416
dist0p50,01348_TRHTAJJ128F4267E21,373
dist0p50,01349_TRDTDAT128F426AB1C,630
dist0p50,01350_TRARIBY128F4273287,630
dist0p50,01351_TRYYVPJ128F427E2ED,630
dist0p50,01352_TRHJSBO128F4281E8F,736
dist0p50,01353_TRFMNKP128F428ADC0,611
dist0p50,01354_TRAEJCN128F4294220,125
dist0p50,01355_TRDBEXV128F42A4ABC,630
dist0p50,01356_TRPRPYA128F92C5792,830
dist0p50,01357_TRRGPSF128F92D92AA,533
dist0p50,01358_TRJHSKL128F92E4EC7,162
dist0p50,01359_TRFDQNJ128F92EC421,323
dist0p50,01360_TRKMWIF128F92F7849,801
dist0p50,01361_TRZEUSK128F9309A53,674
dist0p50,01362_TRDNOFN128F930B146,278
dist0p50,01363_TRASRXK128F9311176,48
dist0p50,01364_TRUPUSP128F92EA2DB,596
dist0p50,01365_TRSFFQJ128F9328ED4,770
dist0p50,01366_TRULNMQ128F92E1FDA,466
dist0p50,01367_TRTIJVC12903CB59DE,229
dist0p50,01368_TRUAAOZ12903CBEB36,418
dist0p50,01369_TRHTDNM12903CD211A,256
dist0p50,01370_TRCYLZV128F931848A,355
dist0p50,01371_TRMEBYQ128F932FEFF,114
dist0p50,01372_TRBUWXV128F9342C6E,455
dist0p50,01373_TRGPHCV128F9351FA0,792
dist0p50,01374_TRKRZKC12903CE4EEC,516
dist0p50,01375_TRTIRZM12903CFB45B,629
dist0p50,01376_TRFUDIX12903CFF88E,463
dist0p50,01377_TRNYKXH12903D09F5D,486
dist0p50,01378_TROPPCQ128F92FCB61,128
dist0p50,01379_TRPCJAP12903CCF5C8,169
dist0p50,01380_TRZYOQL12903CD9A0C,206
dist0p50,01381_TRAUDXJ128F9351E71,650
dist0p50,01382_TRAZGIL128E0793F9B,686
dist0p50,01383_TRBPDXQ128F42652EB,606
dist0p50,01384_TRBTJNA128E0793804,640
dist0p50,01385_TRBUFMC128F932A65B,238
dist0p50,01386_TRBYNGA128EF35EF88,817
dist0p50,01387_TRCFWIL128F92EDBEB,800
dist0p50,01388_TRCHYGM128F9312EB0,185
dist0p50,01389_TRCNJYR128F428B43A,685
dist0p50,01390_TRCQIZS128F423C4ED,222
dist0p50,01391_TRCUSSC128F92C5778,622
dist0p50,01392_TRCWGPS128E0793B97,607
dist0p50,01393_TRDBEUF128F42AD7D0,295
dist0p50,01394_TRDMOKH128F934B64E,238
dist0p50,01395_TRDQAPV128F4264AD1,606
dist0p50,01396_TRDRHJH128F426F0C9,34
dist0p50,01397_TRDSEXM128F429B7AD,252
dist0p50,01398_TRDXAIH12903C9AEAB,415
dist0p50,01399_TRDZYQP128F425985D,800
dist0p50,01400_TREBOSQ128F427BD53,117
dist0p50,01401_TREDFOH128F425EB96,206
dist0p50,01402_TREDKRK128F92ECAA5,117
dist0p50,01403_TREEETR12903CED883,345
dist0p50,01404_TREETQP128F426E62B,819
dist0p50,01405_TREZDZQ128EF3518F0,658
dist0p50,01406_TRFDATM12903CA445B,528
dist0p50,01407_TRFEEKR128F92EFEF6,12
dist0p50,01408_TRFJSQG128F147A661,812
dist0p50,01409_TRFNCLE128E0784358,365
dist0p50,01410_TRFPJUV128F4299808,424
dist0p50,01411_TRFSWWZ128F426AC0C,79
dist0p50,01412_TRGKEFY128F42739EE,373
dist0p50,01413_TRGNASO12903CC5D65,827
dist0p50,01414_TRHDKZH128E078E81A,585
dist0p50,01415_TRHDUMF128F14590D1,255
dist0p50,01416_TRHQQGM128E0781C67,228
dist0p50,01417_TRHTLCM128E0783A19,425
dist0p50,01418_TRHVZRL128F92FBFD9,373
dist0p50,01419_TRHXKMH128E0786BA3,252
dist0p50,01420_TRIEAIS128F14A8CFC,581
dist0p50,01421_TRJHFCY128F4266903,797
dist0p50,01422_TRJIOFU128F933C8C7,689
dist0p50,01423_TRKGLOS128E0782A78,206
dist0p50,01424_TRKKQGM128F93351C3,90
dist0p50,01425_TRKOWWH128F14A465B,832
dist0p50,01426_TRLCHUN128F4264161,63
dist0p50,01427_TRLHLNL128F426BD1E,270
dist0p50,01428_TRLVKSL128F4241B19,680
dist0p50,01429_TRLYIIK128F426902A,74
dist0p50,01430_TRMABKI128F14668D7,330
dist0p50,01431_TRMANVT128F9310C2D,592
dist0p50,01432_TRMKWQX128F4251C93,396
dist0p50,01433_TRMQIPU128F4289418,242
dist0p50,01434_TRMYSRI128E0781A06,171
dist0p50,01435_TRMZBHP128E078CE71,239
dist0p50,01436_TRNCFOC128F424C05C,698
dist0p50,01437_TRNIAHD128F42A95E7,601
dist0p50,01438_TRNIQCP128F4272AEC,333
dist0p50,01439_TRNMCJL128F42702C2,591
dist0p50,01440_TRNUKIP128F14805AE,516
dist0p50,01441_TRONHKV128E0793AE0,686
dist0p50,01442_TRPDJBX128F42ACF9B,607
dist0p50,01443_TRPELED128F92C577D,622
dist0p50,01444_TRPJGMC128F933B4A4,510
dist0p50,01445_TRPKMOX12903D0BB5E,688
dist0p50,01446_TRPTROP128F427C0A9,658
dist0p50,01447_TRQAGHX128F425EEBD,811
dist0p50,01448_TRQBFQH128F934B60E,54
dist0p50,01449_TRQQWTT128F9342FA8,208
dist0p50,01450_TRRCXPW128F92E5185,754
dist0p50,01451_TRRDLXB128F4267540,373
dist0p50,01452_TRREYVI128F932B69C,182
dist0p50,01453_TRRJLZN128F4291CE1,98
dist0p50,01454_TRRJWGB128E0782D02,171
dist0p50,01455_TRRTBAH128F92E46F2,783
dist0p50,01456_TRRUXAH128E078FECB,392
dist0p50,01458_TRRVLYK128F1477E8B,21
dist0p50,01459_TRSIVFN12903CCB281,304
dist0p50,01460_TRSPBQR128F426890A,314
dist0p50,01461_TRSSOZE12903C9AB52,208
dist0p50,01462_TRSSZGF128F42910AF,398
dist0p50,01463_TRSUSOV12903CDA3C7,560
dist0p50,01464_TRTCLFS128E0799AD4,106
dist0p50,01465_TRTFPHQ128F4264E7E,285
dist0p50,01466_TRTHSQM128F92F85D7,43
dist0p50,01467_TRTXNQI128F14681EC,92
dist0p50,01468_TRUTSFJ128F92CC09E,811
dist0p50,01469_TRUWSAA128F1467116,440
dist0p50,01470_TRVBTTF12903CD72E4,208
dist0p50,01471_TRVROPQ128F9303A31,160
dist0p50,01472_TRVZUEH128E07927A8,621
dist0p50,01473_TRWEPQN128F428A1FE,668
dist0p50,01474_TRWKSNO128F9326746,127
dist0p50,01475_TRWWBRL128F427BE21,731
dist0p50,01476_TRWYDHB128F428E0D7,799
dist0p50,01477_TRWYEXL128E0781213,743
dist0p50,01478_TRXFOBX128F429336B,668
dist0p50,01479_TRXHUFL128F4299EBE,779
dist0p50,01480_TRXUDSE12903CC607D,797
dist0p50,01482_TRYBUFT128E078A906,6
dist0p50,01483_TRYDUAU128F429825B,819
dist0p50,01484_TRYKQBS128E078E0D9,21
dist0p50,01485_TRYSBXI128EF35A277,22
dist0p50,01486_TRZQJZP128F42883A8,779
dist0p50,01487_TRZRGEG128F14B02E9,682
dist0p50,01488_TRZVPZQ128E078F0E3,97
dist0p50,01489_TRZZMIZ128F4266F16,74
dist0p60,01490_TRIFYCA128E0785141,566
dist0p60,01491_TRUTTYH128E078F269,12
dist0p60,01492_TRHNENS128E0799A33,52
dist0p60,01494_TRIAZHV128F14659A3,592
dist0p60,01495_TREHQFE128F14694FA,96
dist0p60,01496_TRCGCEX128F146A858,783
dist0p60,01497_TREESJI128F1472406,309
dist0p60,01498_TRUNLFC128F148B2C7,714
dist0p60,01499_TRVZTWF128F14A2B5D,737
dist0p60,01500_TRYFESD128F424095C,483
dist0p60,01501_TRYZHKD128F4284BBA,199
dist0p60,01502_TRCYXEZ128F4296AC3,590
dist0p60,01503_TRWOCXV128F425A18A,473
dist0p60,01504_TRVPNNZ128F42638AE,402
dist0p60,01505_TRBHJHM128F428E81E,293
dist0p60,01506_TRZFWAK128F4290092,63
dist0p60,01507_TRFYFMD128F92D4A39,440
dist0p60,01508_TRTMJJB128F92FAE77,23
dist0p60,01509_TRARFVY128F93086DE,660
dist0p60,01510_TRPNYDU128F9307AAA,738
dist0p60,01511_TRNKSWL128F9308A43,50
dist0p60,01512_TRDCDRW128F931FAFB,179
dist0p60,01513_TRYNZPJ128F93466F6,747
dist0p60,01514_TRLXCXA128F92F42E4,155
dist0p60,01515_TRFGCYJ128F933CF4A,666
dist0p60,01516_TROAMGY12903C9FE24,71
dist0p60,01517_TRKVFEU128F9326199,0
dist0p60,01518_TRRAOEH12903CF8D61,463
dist0p60,01519_TRARCZH12903CF7D2F,64
dist0p60,01520_TRAUKYS128F14636CB,766
dist0p60,01521_TRBPKZQ128F145850B,193
dist0p60,01523_TRBXJTA128F4283197,366
dist0p60,01524_TRCTPLQ128E0791A7B,151
dist0p60,01525_TRCUDYA128F422EFF2,263
dist0p60,01526_TRDQZQI128E078F26A,12
dist0p60,01527_TREINYE128F92EAF7D,546
dist0p60,01528_TREREOM128E078AFCF,782
dist0p60,01529_TRERVBD128F92EE5B3,819
dist0p60,01531_TRFMMOE128F1467D48,184
dist0p60,01532_TRGAGTH12903C994AE,749
dist0p60,01533_TRGGQUZ128F146A8E0,383
dist0p60,01534_TRGKLSE12903CCC5CD,152
dist0p60,01535_TRGUUQC12903CDA303,783
dist0p60,01536_TRHCJMM128F933BEED,386
dist0p60,01537_TRHFROS128F4298A12,381
dist0p60,01538_TRHZAZX128F4276805,146
dist0p60,01539_TRICOAO128F1460F9F,545
dist0p60,01540_TRIDUYB12903CC15D5,794
dist0p60,01541_TRIFTYR128F428EC07,200
dist0p60,01542_TRIGZOL128F92FD270,746
dist0p60,01543_TRIOWCD128E0782EEF,646
dist0p60,01544_TRIPANG128F1472B8F,302
dist0p60,01545_TRIRIYU128C71968EA,743
dist0p60,01546_TRJLCZV128F92F568A,678
dist0p60,01547_TRKBKQE128C71969A2,743
dist0p60,01548_TRLRJQT128F149CAFF,392
dist0p60,01549_TRLYLJJ128F428FD51,68
dist0p60,01550_TRMJWOM128F14920BF,686
dist0p60,01551_TRMWXCU128F932F633,824
dist0p60,01552_TRNHARJ128F92E46E5,783
dist0p60,01553_TRNTJOQ128E0794306,365
dist0p60,01554_TRNXSNC128F427FF65,64
dist0p60,01555_TROMGMM128F146ECEE,12
dist0p60,01556_TROMWHR12903CC304A,749
dist0p60,01557_TROPWZN128F428C9EA,548
dist0p60,01558_TRPJUPW128F93462DD,746
dist0p60,01559_TRPUFXU128F14745E9,250
dist0p60,01560_TRPWMJJ128E079120E,658
dist0p60,01561_TRRFOOQ128F4266F23,74
dist0p60,01562_TRRSUWZ128F426359C,479
dist0p60,01563_TRRVASR128F14567C5,826
dist0p60,01564_TRSFDFI128F4271490,381
dist0p60,01565_TRSKTLJ128F429B7B3,252
dist0p60,01566_TRTLZZL128EF342C64,213
dist0p60,01567_TRTOUJZ128F147FCB8,516
dist0p60,01568_TRTRAXC128F145FF3E,552
dist0p60,01569_TRUJISG12903CC50C3,778
dist0p60,01570_TRVJHWI128F1480E91,801
dist0p60,01571_TRVRDYC128F1492397,686
dist0p60,01572_TRWFSQX128F92FD0D7,450
dist0p60,01573_TRXDEDP12903CCEF05,415
dist0p60,01574_TRXXCVJ128F92FFA99,60
dist0p60,01575_TRZGJGY128E078B58E,307
dist0p60,01576_TRZLNAO128F92EB961,814
dist0p60,01577_TRZMSQF12903CA89CB,766
